company,job,number_of_evaluations
MercadoLibre,Gerente Arquitectura,26 evaluaciones
MercadoLibre,Developer Relations,26 evaluaciones
Frávega,Data engineer,18 evaluaciones
Ximple HR,Profesor de Machine Learning,-
MercadoLibre,Supervisor de Integraciones - Mercado Pago,26 evaluaciones
MercadoLibre,Analista de Soporte Técnico,26 evaluaciones
Bandit,Frontend Developer,-
MercadoLibre,Ingeniero de Business Intelligence,26 evaluaciones
MercadoLibre,Gerente de Desarrollo,26 evaluaciones
JP Morgan Chase,Applications Support,19.840 evaluaciones
Google,"Google News Lab Lead (English, Spanish)",2.378 evaluaciones
MercadoLibre,Administrador de Base de Datos,26 evaluaciones
JP Morgan Chase,Applications Development,19.840 evaluaciones
WE 4 IT Services Pvt Ltd,ITS Business Analyst (8321667),-
MercadoLibre,Diseñador Web UX,26 evaluaciones
MercadoLibre,Analista de User Research,26 evaluaciones
JP Morgan Chase,Technology Analyst Program 2018 - Buenos Aires,19.840 evaluaciones
Jampp,Data Scientist,-
JP Morgan Chase,Project Execution,19.840 evaluaciones
Wunderman,Data Analytics,187 evaluaciones
JP Morgan Chase,Program Manager,19.840 evaluaciones
JP Morgan Chase,Program Management - VP,19.840 evaluaciones
MercadoLibre,Analista de User Experience,26 evaluaciones
MercadoLibre,Ingeniero de Testeo de Software,26 evaluaciones
Cargill,Data Scientist & Reporting Jr Analyst,2.588 evaluaciones
MercadoLibre,Ingeniero de Seguridad Informática,26 evaluaciones
QuanticMind,Market Research Analyst,-
MercadoLibre,Desarrollador ETL,26 evaluaciones
MercadoLibre,Arquitecto de Software,26 evaluaciones
JP Morgan Chase,Business Analyst,19.840 evaluaciones
MercadoLibre,Ingeniero de Site Reliability,26 evaluaciones
MercadoLibre,Ingeniero de Software Front End,26 evaluaciones
MercadoLibre,Ingeniero de Software Back End,26 evaluaciones
JP Morgan Chase,Applications Support Manager,19.840 evaluaciones
MercadoLibre,Líder de Proyecto de Software,26 evaluaciones
MercadoLibre,Diseñador Web Senior UX,26 evaluaciones
MercadoLibre,Ingeniero DevOps,26 evaluaciones
MercadoLibre,Analista Senior de User Research,26 evaluaciones
Reklut.com,Plan Jóvenes Profesionales,-
MercadoLibre,Lider Técnico de Arquitectura de Software,26 evaluaciones
Diageo,"Commercial Decision Support Manager, Argentina",432 evaluaciones
MercadoLibre,Analista en Seguridad SAP,26 evaluaciones
McKinsey & Company,"Consultant - Advanced Analytics, Operations",360 evaluaciones
MercadoLibre,Analista Senior de User Experience,26 evaluaciones
JP Morgan Chase,Developer Python,19.840 evaluaciones
MercadoLibre,Ingeniero de Software Android,26 evaluaciones
Grandata,Full Stack Developer,-
Huenei IT Services,Datamining / Consultor BI,-
JP Morgan Chase,Software Engineering - Python,19.840 evaluaciones
MercadoLibre,Líder Técnico de Arquitectura de Software,26 evaluaciones
RecargaPay,Software Architect,-
MercadoLibre,Especialista en Data Engineer,26 evaluaciones
MercadoLibre,Ingeniero de Software iOS,26 evaluaciones
AccelOne,Senior Node.js Developer,-
AccelOne,Senior Python Developer,-
JP Morgan Chase,Software Engineering - Python Developer,19.840 evaluaciones
MercadoLibre,Ingeniero Senior DevOps,26 evaluaciones
Michael Page,Data Scientist Sr,155 evaluaciones
QuanticMind,Senior Revenue Intelligence Analyst,-
Grandata,Data Engineer / Big Data Developer,-
Nosis Laboratorio de Investigación y Desarrollo S....,Consultor Jr en Estadística/Scoring/Data Mining/Analytics,-
MercadoLibre,Ingeniero Senior de Software Back End,26 evaluaciones
MercadoLibre,Ingeniero Senior de Software Front End,26 evaluaciones
JP Morgan Chase,Software Engineering - Full Stack Developer,19.840 evaluaciones
JP Morgan Chase,Java Developer,19.840 evaluaciones
Imagecampus,Data Engineer Jr.,-
JP Morgan Chase,Software Engineering - SmallTalk Developer,19.840 evaluaciones
JP Morgan Chase,Software Engineering - C# Developer,19.840 evaluaciones
JP Morgan Chase,Software Engineering - Tech lead,19.840 evaluaciones
JP Morgan Chase,Software Engineering - Team Leader,19.840 evaluaciones
Keepcon,Desarrollador I+D,-
JP Morgan Chase,Applications Development - C++ Developer,19.840 evaluaciones
QuanticMind,Front End Software Engineer,-
JP Morgan Chase,Software Engineering - SSr JavaScript developer,19.840 evaluaciones
Accenture,Data Science for Market Research,13.838 evaluaciones
JP Morgan Chase,Applications Development - Java Developer,19.840 evaluaciones
JP Morgan Chase,Software Engineering - Java Developer,19.840 evaluaciones
JP Morgan Chase,Applications Support - Java Developer,19.840 evaluaciones
HV Talent,Front End Developer Ssr/Sr,-
Conexion Consultoría en Recursos Humanos,Desarrollador Front End,-
Ximple HR,Desarrollador I+D,-
LATAM5411,Front-End Engineer,-
LATAM5411,Senior Front End Developers,-
JP Morgan Chase,Java Developer Lead - VP,19.840 evaluaciones
Werben Capital Humano,"Ssr Backend Developer Microcentro, CABA ID 381",-
JP Morgan Chase,Software Engineering- .NET Developer,19.840 evaluaciones
Jolet RRHH,Python Tech Lead,-
JP Morgan Chase,Software Engineering- Developer C# SR,19.840 evaluaciones
JP Morgan Chase,Software Engineering - Java Technical Lead,19.840 evaluaciones
Ipsum HR,Software Developer Python Sr - Empresa de E-Commerce N1 de LATAM,-
Randstad,data scientist sr.,11.042 evaluaciones
EmiLabs,Full Stack Developer,-
ADN HR,Architect Cloud Solution - Developer Sr,3 evaluaciones
